id,roll,adv,stat,basis,type
0,5,none,STR,dexterity,save
1,11,none,DEX,dexterity,save
2,20,advantage,DEX,constitution,check
3,7,none,DEX,strength,check
4,3,none,WIS,melee,attack
5,19,none,DEX,strength,check
6,11,none,CHA,melee,attack
7,3,none,WIS,melee,attack
8,6,none,STR,strength,check
9,11,none,DEX,athletics,check
10,18,none,BASE,investigation,check
11,8,none,DEX,melee,attack
12,12,none,CHA,dexterity,save
13,17,advantage,STR,melee,attack
14,7,none,CHA,melee,attack
15,9,none,BASE,wisdom,save
16,8,none,WIS,thieves’ tools,check
17,6,none,BASE,athletics,check
18,7,none,BASE,dexterity,check
19,8,none,STR,melee,attack
20,11,none,BASE,strength,check
21,13,none,BASE,initiative,nan
22,4,none,STR,strength,save
23,1,none,BASE,wisdom,save
24,18,none,STR,melee,attack
25,5,none,BASE,persuasion,check
26,4,none,CON,medicine,check
27,14,advantage,WIS,melee,attack
28,3,none,DEX,melee,attack
29,8,none,DEX,charisma,check
30,20,none,DEX,dexterity,save
31,13,advantage,CHA,melee,attack
32,3,none,DEX,strength,check
33,18,advantage,BASE,ranged,attack
34,20,none,INT,initiative,nan
35,4,none,WIS,investigation,check
36,17,advantage,WIS,melee,attack
37,10,none,BASE,persuasion,check
38,16,none,WIS,ranged,attack
39,10,none,BASE,melee,attack
40,14,none,STR,melee,attack
41,20,none,BASE,persuasion,check
42,7,none,DEX,investigation,check
43,18,none,INT,strength,save
44,2,none,DEX,melee,attack
45,20,none,WIS,dexterity,save
46,19,none,WIS,melee,attack
47,13,none,CHA,athletics,check
48,9,none,STR,investigation,check
49,20,none,DEX,melee,attack
50,18,none,BASE,melee,attack
51,4,none,BASE,ranged,attack
52,16,none,BASE,dexterity,save
53,2,none,BASE,melee,attack
54,12,none,BASE,melee,attack
55,12,none,CHA,melee,attack
56,3,advantage,CHA,melee,attack
57,1,none,STR,initiative,nan
58,9,none,STR,stealth,check
59,19,none,BASE,initiative,nan
60,8,none,CHA,dexterity,save
61,18,none,DEX,melee,attack
62,6,none,WIS,athletics,check
63,16,none,BASE,melee,attack
64,11,none,BASE,strength,check
65,18,none,BASE,initiative,nan
66,19,none,BASE,strength,save
67,10,none,BASE,persuasion,check
68,19,none,DEX,dexterity,save
69,4,none,BASE,persuasion,check
70,6,none,INT,dexterity,save
71,5,none,STR,melee,attack
72,14,none,STR,thieves’ tools,check
73,20,none,WIS,dexterity,save
74,4,none,WIS,melee,attack
75,10,none,DEX,melee,attack
76,17,none,CON,constitution,check
77,1,none,BASE,investigation,check
78,6,none,WIS,strength,check
79,17,none,CON,melee,attack
80,13,none,BASE,dexterity,save
81,14,none,WIS,initiative,nan
82,11,none,BASE,strength,check
83,3,none,BASE,strength,check
84,14,none,STR,melee,attack
85,17,none,STR,dexterity,save
86,20,none,BASE,dexterity,save
87,10,none,CHA,wisdom,save
88,19,none,STR,perception,check
89,15,none,DEX,stealth,check
90,19,advantage,STR,initiative,nan
91,9,none,BASE,ranged,attack
92,18,none,STR,strength,check
93,18,advantage,BASE,stealth,check
94,3,none,DEX,intimidation,check
95,12,none,BASE,persuasion,check
96,12,none,DEX,melee,attack
97,6,none,CHA,melee,attack
98,20,none,CON,strength,check
99,2,none,DEX,ranged,attack
100,8,advantage,BASE,dexterity,save
101,13,advantage,CHA,nature,check
102,19,none,WIS,melee,attack
103,4,none,BASE,melee,attack
104,5,none,STR,melee,attack
105,17,none,CHA,melee,attack
106,1,none,BASE,melee,attack
107,11,none,STR,dexterity,check
108,20,none,BASE,initiative,nan
109,15,none,BASE,initiative,nan
110,2,none,BASE,strength,check
111,16,none,BASE,melee,attack
112,13,advantage,DEX,perception,check
113,8,none,DEX,dexterity,save
114,5,none,DEX,strength,check
115,5,none,BASE,initiative,nan
116,5,none,STR,dexterity,save
117,8,none,DEX,strength,check
118,20,advantage,STR,dexterity,check
119,13,none,BASE,stealth,check
120,18,none,WIS,melee,attack
121,13,none,DEX,strength,check
122,1,none,CHA,strength,save
123,4,none,BASE,melee,attack
124,3,none,STR,melee,attack
125,10,none,BASE,melee,attack
126,3,none,WIS,perception,check
127,19,none,STR,constitution,save
128,6,none,BASE,melee,attack
129,5,none,CON,strength,check
130,4,none,BASE,melee,attack
131,10,none,BASE,melee,attack
132,14,none,CON,strength,check
133,2,none,DEX,investigation,check
134,7,none,WIS,stealth,check
135,8,none,BASE,melee,attack
136,9,none,BASE,melee,attack
137,1,none,STR,strength,check
138,7,none,WIS,melee,attack
139,9,none,BASE,perception,check
140,12,none,BASE,constitution,save
141,8,none,BASE,melee,attack
142,14,none,BASE,melee,attack
143,4,none,BASE,melee,attack
144,13,none,BASE,charisma,check
145,19,advantage,CHA,initiative,nan
146,7,none,STR,initiative,nan
147,20,none,STR,dexterity,save
148,5,none,BASE,melee,attack
149,2,none,BASE,initiative,nan
150,8,none,BASE,perception,check
151,10,none,BASE,melee,attack
152,3,none,CHA,dexterity,save
153,20,none,WIS,dexterity,save
154,1,disadvantage,BASE,constitution,save
155,18,none,BASE,athletics,check
156,13,none,BASE,dexterity,save
157,17,none,BASE,perception,check
158,11,none,DEX,strength,check
159,18,none,CHA,melee,attack
160,20,none,DEX,strength,check
161,8,none,BASE,thieves’ tools,check
162,13,none,STR,dexterity,save
163,20,advantage,BASE,melee,attack
164,20,advantage,CHA,dexterity,save
165,13,none,WIS,strength,check
166,1,none,DEX,athletics,check
167,19,none,BASE,melee,attack
168,17,none,CON,melee,attack
169,8,none,STR,intimidation,check
170,7,none,STR,charisma,check
171,13,none,BASE,persuasion,check
172,14,none,BASE,insight,check
173,19,none,BASE,melee,attack
174,6,none,BASE,melee,attack
175,4,none,BASE,insight,check
176,14,none,STR,melee,attack
177,11,none,STR,constitution,save
178,9,none,DEX,melee,attack
179,13,none,STR,strength,check
180,19,none,WIS,dexterity,save
181,4,none,STR,sleight of hand,check
182,10,none,BASE,constitution,check
183,20,advantage,BASE,melee,attack
184,12,none,INT,melee,attack
185,10,advantage,DEX,melee,attack
186,12,none,BASE,dexterity,save
187,17,none,STR,melee,attack
188,19,none,DEX,wisdom,save
189,1,none,BASE,investigation,check
190,16,advantage,DEX,athletics,check
191,16,none,BASE,dexterity,check
192,5,none,DEX,melee,attack
193,20,advantage,DEX,strength,check
194,6,none,BASE,perception,check
195,7,advantage,BASE,nature,check
196,8,none,BASE,dexterity,save
197,17,none,CHA,wisdom,save
198,2,disadvantage,WIS,melee,attack
199,1,none,INT,intimidation,check
200,2,none,BASE,melee,attack
201,12,none,BASE,dexterity,save
202,17,none,BASE,investigation,check
203,15,none,STR,initiative,nan
204,12,advantage,WIS,constitution,save
205,1,none,WIS,strength,check
206,19,none,DEX,initiative,nan
207,13,none,BASE,melee,attack
208,3,none,DEX,dexterity,save
209,13,none,DEX,melee,attack
210,1,none,STR,athletics,check
211,5,none,WIS,strength,check
212,17,none,BASE,dexterity,save
213,18,advantage,BASE,strength,save
214,2,none,DEX,strength,save
215,20,none,CON,initiative,nan
216,17,none,DEX,persuasion,check
217,6,none,CON,strength,save
218,6,none,WIS,thieves’ tools,check
219,3,none,BASE,initiative,nan
220,9,none,BASE,ranged,attack
221,11,none,BASE,persuasion,check
222,18,none,DEX,melee,attack
223,8,none,STR,strength,check
224,12,advantage,DEX,melee,attack
225,10,none,STR,melee,attack
226,16,none,BASE,strength,check
227,3,none,WIS,dexterity,check
228,11,none,BASE,dexterity,check
229,5,none,WIS,melee,attack
230,12,none,BASE,constitution,save
231,16,none,BASE,initiative,nan
232,18,none,DEX,melee,attack
233,15,none,BASE,melee,attack
234,5,advantage,WIS,melee,attack
235,18,none,CON,melee,attack
236,19,none,STR,athletics,check
237,4,none,BASE,melee,attack
238,17,none,BASE,melee,attack
239,17,none,BASE,strength,check
240,18,disadvantage,WIS,dexterity,check
241,17,none,BASE,melee,attack
242,17,advantage,STR,investigation,check
243,7,none,WIS,melee,attack
244,15,none,BASE,wisdom,save
245,10,none,BASE,wisdom,save
246,10,none,STR,strength,check
247,14,disadvantage,STR,melee,attack
248,12,none,BASE,thieves’ tools,check
249,12,none,STR,stealth,check
250,11,none,BASE,persuasion,check
251,11,none,BASE,perception,check
252,15,none,BASE,persuasion,check
253,6,advantage,BASE,melee,attack
254,9,none,BASE,melee,attack
255,14,advantage,BASE,dexterity,save
256,17,none,BASE,persuasion,check
257,12,none,BASE,athletics,check
258,5,none,DEX,initiative,nan
259,15,none,STR,investigation,check
260,12,none,STR,perception,check
261,11,none,BASE,wisdom,save
262,11,none,CON,dexterity,save
263,9,none,DEX,strength,check
264,19,none,BASE,charisma,check
265,2,none,CON,sleight of hand,check
266,16,none,BASE,ranged,attack
267,8,none,BASE,persuasion,check
268,18,none,DEX,strength,check
269,18,none,CHA,melee,attack
270,20,none,BASE,wisdom,save
271,9,none,WIS,strength,save
272,15,advantage,STR,strength,check
273,7,none,WIS,strength,check
274,18,none,BASE,wisdom,save
275,8,none,STR,athletics,check
276,19,advantage,DEX,intimidation,check
277,1,none,STR,melee,attack
278,8,advantage,DEX,wisdom,save
279,16,none,BASE,initiative,nan
280,20,none,BASE,wisdom,save
281,8,none,DEX,sleight of hand,check
282,13,none,BASE,melee,attack
283,12,none,DEX,melee,attack
284,12,disadvantage,BASE,athletics,check
285,17,advantage,BASE,sleight of hand,check
286,20,advantage,BASE,melee,attack
287,12,none,WIS,strength,save
288,8,none,DEX,perception,check
289,16,none,BASE,charisma,check
290,15,none,CHA,strength,check
291,8,none,BASE,ranged,attack
292,17,none,BASE,dexterity,save
293,3,none,BASE,melee,attack
294,2,none,BASE,perception,check
295,18,none,BASE,initiative,nan
296,11,none,STR,melee,attack
297,10,none,BASE,melee,attack
298,19,none,CON,insight,check
299,12,none,BASE,stealth,check
300,9,none,WIS,melee,attack
301,7,none,CON,dexterity,check
302,6,none,STR,dexterity,save
303,3,none,BASE,melee,attack
304,7,disadvantage,BASE,constitution,check
305,17,advantage,DEX,dexterity,save
306,4,none,DEX,dexterity,save
307,9,none,WIS,ranged,attack
308,17,advantage,WIS,insight,check
309,2,none,STR,insight,check
310,4,none,BASE,dexterity,save
311,8,none,BASE,strength,save
312,11,none,STR,initiative,nan
313,17,disadvantage,DEX,athletics,check
314,15,none,WIS,strength,save
315,13,none,DEX,investigation,check
316,13,none,STR,persuasion,check
317,13,none,STR,strength,check
318,4,none,BASE,melee,attack
319,16,none,STR,athletics,check
320,6,none,CHA,melee,attack
321,20,none,DEX,investigation,check
322,2,none,DEX,strength,check
323,3,none,DEX,strength,check
324,3,none,BASE,athletics,check
325,6,none,BASE,initiative,nan
326,18,none,DEX,athletics,check
327,6,none,WIS,melee,attack
328,2,none,DEX,sleight of hand,check
329,7,none,BASE,melee,attack
330,9,none,DEX,initiative,nan
331,7,none,WIS,wisdom,save
332,5,none,WIS,melee,attack
333,3,none,BASE,initiative,nan
334,10,none,BASE,wisdom,save
335,9,none,CHA,stealth,check
336,4,none,WIS,melee,attack
337,1,disadvantage,CON,nature,check
338,5,none,DEX,athletics,check
339,9,none,DEX,melee,attack
340,4,none,DEX,dexterity,save
341,8,none,BASE,dexterity,save
342,2,none,STR,perception,check
343,6,disadvantage,BASE,constitution,check
344,14,none,CON,ranged,attack
345,6,disadvantage,BASE,melee,attack
346,14,none,BASE,perception,check
347,7,none,BASE,strength,check
348,20,none,INT,intimidation,check
349,7,none,STR,melee,attack
350,4,none,BASE,melee,attack
351,9,none,STR,sleight of hand,check
352,7,none,STR,sleight of hand,check
353,18,none,DEX,melee,attack
354,16,none,DEX,ranged,attack
355,8,none,WIS,melee,attack
356,15,none,DEX,thieves’ tools,check
357,14,none,BASE,melee,attack
358,5,none,STR,perception,check
359,10,none,BASE,investigation,check
360,3,none,STR,melee,attack
361,10,advantage,BASE,insight,check
362,12,none,STR,intimidation,check
363,6,none,INT,melee,attack
364,5,none,CON,dexterity,save
365,11,none,BASE,melee,attack
366,2,none,BASE,perception,check
367,19,none,STR,melee,attack
368,14,none,CHA,dexterity,save
369,14,advantage,BASE,ranged,attack
370,12,none,BASE,wisdom,save
371,19,none,BASE,melee,attack
372,11,advantage,BASE,melee,attack
373,10,none,BASE,melee,attack
374,9,none,BASE,melee,attack
375,9,none,DEX,dexterity,save
376,12,advantage,CHA,melee,attack
377,11,none,STR,dexterity,save
378,8,none,BASE,melee,attack
379,10,none,BASE,initiative,nan
380,5,none,DEX,athletics,check
381,12,none,WIS,athletics,check
382,11,none,BASE,melee,attack
383,2,none,BASE,melee,attack
384,15,advantage,WIS,perception,check
385,10,none,BASE,intimidation,check
386,10,none,DEX,melee,attack
387,6,none,CHA,melee,attack
388,3,none,BASE,initiative,nan
389,8,none,BASE,perception,check
390,13,none,BASE,dexterity,save
391,7,none,BASE,melee,attack
392,4,none,DEX,constitution,save
393,13,none,STR,persuasion,check
394,19,none,BASE,perception,check
395,10,none,WIS,perception,check
396,16,none,BASE,melee,attack
397,16,none,BASE,charisma,check
398,3,none,INT,melee,attack
399,9,none,DEX,wisdom,save
400,5,none,BASE,melee,attack
401,9,none,STR,melee,attack
402,15,none,BASE,initiative,nan
403,18,advantage,BASE,melee,attack
404,6,none,BASE,melee,attack
405,2,none,WIS,initiative,nan
406,20,none,STR,melee,attack
407,20,advantage,CHA,melee,attack
408,10,none,DEX,ranged,attack
409,14,none,CHA,melee,attack
410,3,advantage,DEX,initiative,nan
411,7,none,BASE,melee,attack
412,9,none,DEX,perception,check
413,11,none,STR,wisdom,save
414,19,none,BASE,melee,attack
415,13,none,INT,charisma,check
416,5,none,BASE,persuasion,check
417,13,none,BASE,dexterity,save
418,16,none,STR,athletics,check
419,17,advantage,BASE,athletics,check
420,14,none,STR,melee,attack
421,20,advantage,BASE,melee,attack
422,8,none,STR,perception,check
423,16,none,STR,melee,attack
424,2,none,DEX,sleight of hand,check
425,6,disadvantage,DEX,perception,check
426,1,none,DEX,deception,check
427,9,none,CHA,melee,attack
428,17,none,BASE,strength,check
429,19,none,BASE,perception,check
430,15,none,BASE,strength,check
431,15,none,BASE,sleight of hand,check
432,20,advantage,CON,ranged,attack
433,3,none,STR,dexterity,save
434,4,none,DEX,wisdom,save
435,16,advantage,DEX,thieves’ tools,check
436,5,none,BASE,melee,attack
437,12,none,STR,melee,attack
438,6,none,BASE,wisdom,save
439,9,none,BASE,insight,check
440,11,none,BASE,dexterity,save
441,7,none,BASE,medicine,check
442,7,advantage,BASE,melee,attack
443,12,none,BASE,wisdom,save
444,4,none,BASE,melee,attack
445,9,none,DEX,ranged,attack
446,17,none,BASE,constitution,check
447,6,none,INT,wisdom,save
448,12,none,BASE,strength,save
449,18,advantage,BASE,perception,check
450,17,none,DEX,dexterity,save
451,15,advantage,DEX,dexterity,save
452,16,none,STR,charisma,check
453,18,none,CHA,medicine,check
454,4,none,DEX,perception,check
455,13,none,STR,perception,check
456,15,none,DEX,melee,attack
457,15,none,DEX,intimidation,check
458,3,none,DEX,sleight of hand,check
459,10,advantage,INT,persuasion,check
460,2,none,DEX,strength,check
461,7,none,CHA,perception,check
462,14,advantage,WIS,initiative,nan
463,18,none,STR,dexterity,save
464,8,none,STR,strength,check
465,1,none,BASE,dexterity,save
466,2,none,BASE,perception,check
467,2,none,DEX,dexterity,save
468,11,none,BASE,intimidation,check
469,16,advantage,BASE,melee,attack
470,7,none,BASE,dexterity,save
471,4,none,BASE,wisdom,save
472,17,none,BASE,melee,attack
473,6,none,CHA,melee,attack
474,12,none,DEX,melee,attack
475,1,none,CON,dexterity,save
476,17,none,BASE,investigation,check
477,16,none,STR,melee,attack
478,19,none,BASE,strength,check
479,14,none,BASE,charisma,check
480,12,none,BASE,dexterity,save
481,18,none,STR,melee,attack
482,1,none,CHA,melee,attack
483,5,none,STR,charisma,check
484,20,none,DEX,melee,attack
485,6,none,BASE,melee,attack
486,4,none,DEX,dexterity,save
487,19,none,BASE,dexterity,save
488,19,none,WIS,melee,attack
489,1,none,STR,thieves’ tools,check
490,10,none,BASE,intimidation,check
491,20,none,BASE,melee,attack
492,4,none,DEX,perception,check
493,2,none,STR,melee,attack
494,14,none,DEX,melee,attack
495,15,none,CHA,strength,check
496,12,none,CHA,ranged,attack
497,11,none,BASE,sleight of hand,check
498,8,advantage,STR,melee,attack
499,13,none,BASE,melee,attack
500,16,none,DEX,strength,check
501,19,none,STR,perception,check
502,12,none,CHA,melee,attack
503,8,none,STR,melee,attack
504,10,none,DEX,athletics,check
505,9,none,DEX,melee,attack
506,12,none,STR,athletics,check
507,16,none,BASE,athletics,check
508,18,none,DEX,melee,attack
509,8,none,DEX,stealth,check
510,17,none,DEX,melee,attack
511,8,none,BASE,intimidation,check
512,7,none,STR,melee,attack
513,12,none,WIS,sleight of hand,check
514,12,none,BASE,athletics,check
515,4,none,DEX,melee,attack
516,9,none,STR,strength,check
517,5,none,DEX,persuasion,check
518,16,none,STR,melee,attack
519,8,none,STR,thieves’ tools,check
520,14,none,DEX,wisdom,save
521,12,none,BASE,melee,attack
522,20,none,WIS,dexterity,check
523,17,none,BASE,melee,attack
524,10,advantage,STR,dexterity,save
525,11,none,BASE,insight,check
526,13,none,CHA,initiative,nan
527,12,advantage,BASE,sleight of hand,check
528,3,none,DEX,dexterity,save
529,12,none,BASE,initiative,nan
530,17,none,DEX,dexterity,save
531,8,disadvantage,CHA,melee,attack
532,20,none,BASE,melee,attack
533,15,none,DEX,constitution,save
534,9,none,DEX,initiative,nan
535,12,none,BASE,strength,check
536,18,none,STR,dexterity,save
537,1,none,BASE,melee,attack
538,5,none,STR,intimidation,check
539,1,none,BASE,athletics,check
540,12,none,BASE,perception,check
541,15,none,DEX,strength,check
542,18,none,BASE,wisdom,save
543,4,none,STR,melee,attack
544,19,none,STR,melee,attack
545,18,advantage,WIS,perception,check
546,7,none,WIS,constitution,check
547,12,none,STR,investigation,check
548,13,none,BASE,ranged,attack
549,20,none,BASE,melee,attack
550,9,advantage,CHA,perception,check
551,12,none,BASE,dexterity,save
552,6,none,DEX,dexterity,save
553,9,none,BASE,athletics,check
554,5,none,CHA,melee,attack
555,4,none,BASE,melee,attack
556,2,none,CON,melee,attack
557,15,none,STR,strength,check
558,7,none,STR,sleight of hand,check
559,12,none,BASE,dexterity,save
560,5,none,BASE,strength,check
561,5,none,STR,persuasion,check
562,18,none,BASE,persuasion,check
563,6,none,STR,melee,attack
564,6,none,WIS,melee,attack
565,18,none,BASE,melee,attack
566,14,none,INT,investigation,check
567,15,none,BASE,strength,check
568,11,none,STR,athletics,check
569,5,none,CHA,wisdom,save
570,13,none,BASE,insight,check
571,19,none,BASE,melee,attack
572,2,none,STR,persuasion,check
573,16,none,STR,sleight of hand,check
574,14,none,STR,melee,attack
575,10,none,DEX,medicine,check
576,18,advantage,BASE,melee,attack
577,19,none,BASE,dexterity,save
578,2,none,BASE,thieves’ tools,check
579,15,none,STR,dexterity,save
580,11,advantage,WIS,ranged,attack
581,2,none,BASE,athletics,check
582,18,advantage,BASE,strength,check
583,2,none,BASE,strength,save
584,6,none,BASE,strength,check
585,17,none,BASE,persuasion,check
586,20,none,BASE,strength,check
587,12,none,BASE,strength,check
588,13,none,BASE,athletics,check
589,1,none,BASE,constitution,check
590,12,none,STR,strength,save
591,3,none,BASE,melee,attack
592,20,none,BASE,persuasion,check
593,7,advantage,CON,strength,check
594,10,none,DEX,melee,attack
595,8,none,CHA,stealth,check
596,14,none,BASE,wisdom,save
597,18,none,BASE,persuasion,check
598,20,none,WIS,dexterity,save
599,15,none,BASE,ranged,attack
600,10,none,BASE,insight,check
601,2,none,BASE,melee,attack
602,14,none,BASE,melee,attack
603,20,advantage,STR,arcana,check
604,18,none,BASE,dexterity,save
605,8,none,STR,melee,attack
606,6,none,INT,melee,attack
607,16,none,BASE,melee,attack
608,16,none,DEX,athletics,check
609,7,none,BASE,wisdom,save
610,19,none,BASE,ranged,attack
611,12,advantage,STR,initiative,nan
612,15,none,BASE,stealth,check
613,16,none,WIS,charisma,check
614,18,none,CHA,dexterity,save
615,20,none,DEX,melee,attack
616,9,none,STR,initiative,nan
617,3,none,BASE,dexterity,save
618,13,none,BASE,insight,check
619,11,none,STR,constitution,check
620,19,none,BASE,melee,attack
621,9,none,BASE,wisdom,save
622,1,none,STR,initiative,nan
623,5,none,BASE,constitution,check
624,13,none,BASE,constitution,check
625,20,none,DEX,athletics,check
626,15,none,CHA,perception,check
627,5,none,BASE,arcana,check
628,13,none,BASE,melee,attack
629,15,none,STR,constitution,check
630,19,advantage,WIS,melee,attack
631,14,none,BASE,melee,attack
632,6,none,CON,melee,attack
633,2,none,DEX,melee,attack
634,2,advantage,BASE,ranged,attack
635,11,none,STR,charisma,check
636,14,none,STR,dexterity,save
637,11,none,DEX,strength,check
638,8,advantage,BASE,initiative,nan
639,7,none,BASE,melee,attack
640,15,none,WIS,melee,attack
641,18,none,STR,dexterity,save
642,10,none,DEX,persuasion,check
643,14,advantage,BASE,dexterity,save
644,16,none,STR,melee,attack
645,6,none,BASE,melee,attack
646,10,none,BASE,strength,save
647,10,none,WIS,dexterity,save
648,10,none,CHA,strength,check
649,9,none,STR,strength,check
650,9,none,BASE,intimidation,check
651,3,none,BASE,dexterity,save
652,11,none,INT,insight,check
653,9,advantage,BASE,wisdom,save
654,8,none,STR,strength,check
655,1,disadvantage,BASE,athletics,check
656,14,none,WIS,wisdom,save
657,6,none,STR,melee,attack
658,8,none,BASE,melee,attack
659,12,advantage,BASE,dexterity,save
660,3,none,BASE,strength,save
661,3,disadvantage,BASE,dexterity,check
662,15,advantage,DEX,melee,attack
663,9,none,BASE,dexterity,save
664,12,none,WIS,deception,check
665,5,none,DEX,dexterity,save
666,19,none,DEX,dexterity,save
667,1,none,DEX,wisdom,save
668,12,none,WIS,dexterity,save
669,19,none,DEX,athletics,check
670,20,none,DEX,strength,check
671,9,none,STR,melee,attack
672,20,none,BASE,strength,save
673,1,none,BASE,intimidation,check
674,9,none,BASE,dexterity,save
675,3,none,BASE,dexterity,save
676,17,none,DEX,melee,attack
677,15,none,STR,thieves’ tools,check
678,3,none,WIS,dexterity,save
679,13,none,STR,initiative,nan
680,10,advantage,CON,perception,check
681,17,none,BASE,initiative,nan
682,15,none,BASE,deception,check
683,4,none,STR,dexterity,save
684,18,none,DEX,dexterity,save
685,11,none,BASE,deception,check
686,5,none,DEX,athletics,check
687,11,none,BASE,dexterity,check
688,12,none,DEX,strength,save
689,1,none,BASE,strength,check
690,13,none,DEX,initiative,nan
691,4,none,BASE,persuasion,check
692,8,none,BASE,strength,check
693,19,none,STR,dexterity,save
694,4,none,WIS,melee,attack
695,13,none,BASE,athletics,check
696,20,none,CON,sleight of hand,check
697,13,none,DEX,strength,check
698,9,none,DEX,initiative,nan
699,9,none,BASE,melee,attack
700,15,disadvantage,CHA,persuasion,check
701,1,none,BASE,dexterity,check
702,14,none,BASE,dexterity,save
703,13,none,BASE,initiative,nan
704,20,none,BASE,melee,attack
705,1,none,DEX,charisma,check
706,3,none,DEX,melee,attack
707,3,none,BASE,melee,attack
708,9,advantage,STR,melee,attack
709,2,none,DEX,melee,attack
710,8,none,CHA,melee,attack
711,7,none,STR,strength,check
712,3,none,DEX,strength,check
713,14,none,BASE,athletics,check
714,14,none,STR,melee,attack
715,19,advantage,BASE,strength,check
716,17,none,DEX,persuasion,check
717,7,none,BASE,melee,attack
718,18,advantage,BASE,wisdom,save
719,16,none,BASE,initiative,nan
720,10,none,BASE,melee,attack
721,18,none,BASE,melee,attack
722,19,none,STR,strength,check
723,19,advantage,DEX,strength,check
724,10,none,BASE,initiative,nan
725,10,none,BASE,thieves’ tools,check
726,16,none,BASE,perception,check
727,3,none,BASE,dexterity,save
728,20,none,DEX,melee,attack
729,14,none,DEX,charisma,check
730,13,none,CHA,stealth,check
731,16,none,BASE,constitution,check
732,19,none,DEX,charisma,check
733,20,none,STR,investigation,check
734,2,none,STR,melee,attack
735,19,none,BASE,investigation,check
736,16,none,DEX,charisma,check
737,2,none,BASE,sleight of hand,check
738,6,none,STR,thieves’ tools,check
739,17,none,BASE,melee,attack
740,18,none,STR,charisma,check
741,19,none,BASE,strength,check
742,11,none,STR,melee,attack
743,6,none,BASE,stealth,check
744,13,none,WIS,ranged,attack
745,7,none,BASE,strength,check
746,11,none,DEX,strength,check
747,1,none,CON,melee,attack
748,19,none,BASE,melee,attack
749,11,none,DEX,dexterity,check
750,8,none,BASE,ranged,attack
751,6,none,BASE,dexterity,check
752,15,none,BASE,initiative,nan
753,17,none,DEX,wisdom,save
754,18,none,BASE,intimidation,check
755,9,none,CON,persuasion,check
756,2,none,STR,charisma,check
757,11,none,STR,dexterity,save
758,6,none,BASE,melee,attack
759,5,none,DEX,sleight of hand,check
760,7,none,CON,dexterity,check
761,10,none,BASE,melee,attack
762,9,none,WIS,melee,attack
763,15,none,INT,athletics,check
764,6,none,INT,strength,check
765,13,none,DEX,strength,check
766,20,none,STR,melee,attack
767,3,none,STR,intimidation,check
768,20,advantage,BASE,perception,check
769,8,none,BASE,strength,check
770,19,none,BASE,dexterity,save
771,9,none,DEX,melee,attack
772,7,none,STR,strength,check
773,5,none,STR,initiative,nan
774,18,none,BASE,dexterity,save
775,17,none,BASE,constitution,save
776,17,none,STR,strength,check
777,13,none,BASE,insight,check
778,15,none,BASE,initiative,nan
779,8,none,BASE,athletics,check
780,3,none,WIS,insight,check
781,14,none,BASE,medicine,check
782,6,none,DEX,strength,check
783,1,none,DEX,melee,attack
784,6,none,BASE,strength,check
785,1,none,BASE,melee,attack
786,16,none,DEX,melee,attack
787,13,none,CON,melee,attack
788,4,none,DEX,strength,check
789,18,advantage,BASE,melee,attack
790,8,none,STR,constitution,save
791,3,none,BASE,nature,check
792,10,advantage,BASE,melee,attack
793,16,none,DEX,initiative,nan
794,8,none,BASE,dexterity,save
795,13,none,STR,initiative,nan
796,12,none,DEX,ranged,attack
797,19,advantage,WIS,strength,check
798,18,none,BASE,melee,attack
799,8,none,DEX,athletics,check
800,8,none,CHA,melee,attack
801,19,none,STR,melee,attack
802,17,none,BASE,dexterity,save
803,20,none,BASE,melee,attack
804,12,advantage,BASE,melee,attack
805,4,none,BASE,melee,attack
806,12,none,CHA,charisma,check
807,12,none,DEX,medicine,check
808,19,advantage,BASE,athletics,check
809,17,none,BASE,perception,check
810,2,none,BASE,melee,attack
811,9,none,CHA,melee,attack
812,15,advantage,INT,charisma,check
813,11,advantage,BASE,initiative,nan
814,20,none,CHA,thieves’ tools,check
815,6,none,INT,constitution,save
816,20,none,INT,initiative,nan
817,4,none,CHA,initiative,nan
818,6,none,STR,nature,check
819,16,none,CON,investigation,check
820,13,none,STR,melee,attack
821,9,none,CHA,dexterity,save
822,11,none,BASE,stealth,check
823,2,none,DEX,melee,attack
824,20,none,BASE,wisdom,save
825,17,none,CON,initiative,nan
826,20,none,BASE,intimidation,check
827,15,none,DEX,dexterity,save
828,8,none,DEX,dexterity,save
829,12,none,BASE,constitution,check
830,18,none,BASE,melee,attack
831,20,none,BASE,athletics,check
832,14,none,DEX,sleight of hand,check
833,10,none,STR,investigation,check
834,19,none,STR,strength,check
835,4,none,BASE,charisma,check
836,1,none,BASE,nature,check
837,19,none,WIS,intimidation,check
838,16,none,WIS,melee,attack
839,1,none,INT,investigation,check
840,5,none,STR,athletics,check
841,11,advantage,BASE,melee,attack
842,11,none,DEX,dexterity,save
843,12,none,CON,melee,attack
844,16,none,STR,melee,attack
845,10,none,CHA,ranged,attack
846,2,none,DEX,melee,attack
847,12,advantage,BASE,persuasion,check
848,14,advantage,STR,athletics,check
849,6,disadvantage,STR,ranged,attack
850,18,none,DEX,wisdom,save
851,19,none,STR,dexterity,save
852,1,none,WIS,dexterity,save
853,7,none,BASE,melee,attack
854,6,none,BASE,strength,check
855,11,none,BASE,dexterity,save
856,11,none,DEX,strength,check
857,11,none,STR,melee,attack
858,10,none,STR,melee,attack
859,15,none,STR,melee,attack
860,13,none,STR,strength,check
861,16,none,DEX,charisma,check
862,10,none,BASE,melee,attack
863,20,none,BASE,sleight of hand,check
864,17,none,DEX,initiative,nan
865,16,none,CHA,melee,attack
866,9,none,CHA,melee,attack
867,17,none,STR,thieves’ tools,check
868,7,none,WIS,constitution,check
869,9,none,WIS,strength,check
870,8,none,WIS,ranged,attack
871,4,none,DEX,dexterity,save
872,10,none,BASE,melee,attack
873,20,advantage,STR,perception,check
874,15,none,WIS,initiative,nan
875,8,none,BASE,constitution,check
876,19,none,BASE,melee,attack
877,7,none,DEX,dexterity,save
878,7,none,BASE,initiative,nan
879,17,none,CHA,melee,attack
880,17,none,BASE,melee,attack
881,17,none,STR,stealth,check
882,7,advantage,STR,athletics,check
883,13,none,BASE,constitution,check
884,16,none,STR,melee,attack
885,13,none,BASE,strength,check
886,13,none,STR,melee,attack
887,1,none,BASE,strength,save
888,6,advantage,BASE,investigation,check
889,8,none,DEX,constitution,check
890,4,none,WIS,athletics,check
891,5,none,STR,melee,attack
892,14,none,BASE,strength,check
893,13,none,BASE,perception,check
894,11,none,BASE,dexterity,save
895,3,none,STR,nature,check
896,11,none,DEX,perception,check
897,9,none,BASE,perception,check
898,6,none,STR,dexterity,save
899,9,advantage,CHA,dexterity,save
900,6,none,BASE,initiative,nan
901,18,none,BASE,stealth,check
902,18,none,DEX,dexterity,check
903,2,none,BASE,thieves’ tools,check
904,13,none,CHA,melee,attack
905,15,none,STR,dexterity,save
906,16,none,BASE,intimidation,check
907,20,none,WIS,dexterity,check
908,8,none,WIS,dexterity,save
909,1,none,BASE,stealth,check
910,5,none,BASE,dexterity,save
911,9,none,STR,arcana,check
912,2,none,BASE,dexterity,save
913,14,none,INT,ranged,attack
914,18,none,WIS,initiative,nan
915,7,disadvantage,CHA,melee,attack
916,15,none,DEX,dexterity,save
917,11,none,CHA,athletics,check
918,6,none,CHA,melee,attack
919,18,none,BASE,insight,check
920,20,none,DEX,charisma,check
921,18,none,WIS,strength,check
922,12,none,INT,dexterity,save
923,2,none,STR,sleight of hand,check
924,13,advantage,CON,intimidation,check
925,2,none,BASE,melee,attack
926,2,none,BASE,dexterity,save
927,14,none,BASE,investigation,check
928,9,none,WIS,ranged,attack
929,13,none,STR,constitution,check
930,5,none,WIS,wisdom,save
931,13,none,BASE,sleight of hand,check
932,12,none,WIS,intimidation,check
933,18,none,DEX,strength,check
934,17,none,BASE,perception,check
935,2,none,BASE,strength,check
936,20,none,BASE,dexterity,save
937,14,none,STR,melee,attack
938,10,advantage,CHA,dexterity,check
939,4,none,DEX,dexterity,save
940,16,none,STR,dexterity,save
941,17,none,BASE,perception,check
942,17,none,BASE,perception,check
943,5,none,CHA,investigation,check
944,4,none,STR,athletics,check
945,6,none,WIS,dexterity,save
946,19,none,DEX,melee,attack
947,13,advantage,BASE,melee,attack
948,5,none,DEX,melee,attack
949,7,none,BASE,strength,check
950,19,none,CHA,strength,check
951,6,none,STR,ranged,attack
952,17,none,CON,melee,attack
953,15,none,DEX,melee,attack
954,20,none,BASE,constitution,check
955,5,none,BASE,melee,attack
956,5,none,WIS,intimidation,check
957,7,none,BASE,strength,save
958,13,none,STR,athletics,check
959,13,none,BASE,initiative,nan
960,16,none,INT,strength,save
961,7,none,STR,strength,check
962,18,none,BASE,sleight of hand,check
963,7,none,INT,initiative,nan
964,17,none,DEX,initiative,nan
965,10,none,BASE,sleight of hand,check
966,3,none,BASE,intimidation,check
967,16,advantage,STR,investigation,check
968,1,none,DEX,wisdom,save
969,3,none,DEX,perception,check
970,13,none,CHA,dexterity,save
971,16,none,BASE,perception,check
972,3,none,BASE,stealth,check
973,7,none,WIS,dexterity,check
974,20,advantage,BASE,perception,check
975,12,none,BASE,athletics,check
976,15,none,WIS,initiative,nan
977,13,none,BASE,melee,attack
978,5,none,DEX,ranged,attack
979,13,advantage,WIS,strength,save
980,1,disadvantage,WIS,athletics,check
981,10,none,BASE,melee,attack
982,9,none,STR,constitution,save
983,8,none,BASE,initiative,nan
984,10,none,CON,charisma,check
985,10,none,WIS,melee,attack
986,13,none,BASE,initiative,nan
987,12,none,BASE,strength,check
988,15,none,DEX,investigation,check
989,8,none,INT,stealth,check
990,11,none,BASE,thieves’ tools,check
991,9,none,BASE,dexterity,save
992,8,none,BASE,melee,attack
993,1,none,DEX,initiative,nan
994,6,none,BASE,stealth,check
995,14,none,CHA,constitution,check
996,1,none,BASE,strength,check
997,14,none,BASE,dexterity,save
998,2,disadvantage,STR,athletics,check
999,16,none,BASE,perception,check
1000,8,none,DEX,melee,attack
1001,7,none,BASE,melee,attack
1002,20,advantage,BASE,initiative,nan
1003,2,none,DEX,dexterity,save
1004,19,none,DEX,dexterity,save
1005,1,none,BASE,charisma,check
1006,3,none,DEX,initiative,nan
1007,8,none,STR,melee,attack
1008,14,none,STR,initiative,nan
1009,11,none,WIS,perception,check
1010,19,none,DEX,ranged,attack
1011,17,none,BASE,constitution,check
1012,14,none,BASE,melee,attack
1013,8,none,INT,ranged,attack
1014,20,none,WIS,dexterity,save
1015,18,advantage,WIS,initiative,nan
1016,13,advantage,CHA,melee,attack
1017,16,none,BASE,strength,check
1018,6,none,BASE,strength,check
1019,11,none,WIS,melee,attack
1020,5,none,BASE,strength,check
1021,19,none,STR,strength,check
1022,8,none,CON,wisdom,save
1023,8,advantage,INT,initiative,nan
1024,16,none,BASE,melee,attack
1025,10,none,CHA,melee,attack
1026,11,disadvantage,DEX,melee,attack
1027,3,none,STR,melee,attack
1028,16,none,BASE,dexterity,check
1029,6,none,BASE,strength,check
1030,14,none,STR,constitution,check
1031,2,none,BASE,perception,check
1032,2,none,BASE,perception,check
1033,20,none,STR,dexterity,save
1034,18,advantage,STR,strength,check
1035,3,none,DEX,melee,attack
1036,16,advantage,BASE,melee,attack
1037,17,advantage,WIS,melee,attack
1038,15,none,BASE,initiative,nan
1039,10,none,INT,dexterity,save
1040,10,none,STR,melee,attack
1041,10,none,WIS,dexterity,save
1042,8,none,BASE,dexterity,save
1043,1,none,DEX,melee,attack
1044,4,none,BASE,stealth,check
1045,1,none,BASE,melee,attack
1046,15,none,DEX,melee,attack
1047,13,none,BASE,strength,check
1048,6,none,CON,dexterity,save
1049,3,none,BASE,constitution,check
1050,7,none,INT,ranged,attack
1051,12,advantage,BASE,dexterity,save
1052,15,none,BASE,perception,check
1053,5,none,BASE,strength,save
1054,12,none,WIS,dexterity,save
1055,1,none,WIS,melee,attack
1056,19,none,STR,initiative,nan
1057,13,none,BASE,strength,save
1058,17,none,WIS,stealth,check
1059,15,none,WIS,intimidation,check
1060,6,none,BASE,initiative,nan
1061,12,none,DEX,strength,save
1062,6,none,DEX,melee,attack
1063,20,none,CHA,dexterity,save
1064,1,none,CHA,initiative,nan
1065,16,none,BASE,initiative,nan
1066,2,none,STR,dexterity,save
1067,15,advantage,STR,wisdom,save
1068,12,none,BASE,dexterity,save
1069,10,none,DEX,constitution,check
1070,18,none,STR,initiative,nan
1071,7,none,STR,melee,attack
1072,17,none,BASE,nature,check
1073,18,none,DEX,strength,check
1074,6,none,INT,sleight of hand,check
1075,11,none,BASE,perception,check
1076,6,none,INT,melee,attack
1077,13,none,DEX,melee,attack
1078,15,none,CHA,persuasion,check
1079,10,none,BASE,melee,attack
1080,6,none,DEX,initiative,nan
1081,18,none,INT,strength,save
1082,3,none,DEX,dexterity,save
1083,9,none,DEX,nature,check
1084,19,advantage,BASE,melee,attack
1085,19,none,BASE,wisdom,save
1086,1,none,STR,melee,attack
1087,2,none,DEX,strength,check
1088,14,none,DEX,persuasion,check
1089,9,none,WIS,sleight of hand,check
1090,19,none,BASE,dexterity,save
1091,20,none,BASE,strength,check
1092,10,none,BASE,wisdom,save
1093,12,none,DEX,ranged,attack
1094,10,none,BASE,melee,attack
1095,6,none,BASE,strength,check
1096,14,none,BASE,initiative,nan
1097,4,none,BASE,melee,attack
1098,4,none,BASE,initiative,nan
1099,16,none,DEX,initiative,nan
1100,1,none,BASE,melee,attack
1101,13,none,STR,melee,attack
1102,13,none,STR,strength,check
1103,18,none,BASE,wisdom,save
1104,19,none,STR,dexterity,check
1105,18,advantage,BASE,melee,attack
1106,10,none,WIS,melee,attack
1107,13,none,INT,melee,attack
1108,6,none,CHA,sleight of hand,check
1109,3,none,BASE,melee,attack
1110,11,none,STR,arcana,check
1111,14,none,WIS,ranged,attack
1112,11,none,DEX,constitution,save
1113,7,none,STR,initiative,nan
1114,13,none,CHA,strength,check
1115,15,none,BASE,dexterity,check
1116,1,none,BASE,melee,attack
1117,10,none,STR,investigation,check
1118,5,none,DEX,melee,attack
1119,14,none,BASE,perception,check
1120,16,none,STR,intimidation,check
1121,15,none,STR,dexterity,save
1122,10,none,DEX,investigation,check
1123,4,none,STR,constitution,check
1124,17,none,DEX,initiative,nan
1125,12,advantage,BASE,strength,check
1126,1,none,BASE,investigation,check
1127,13,none,CHA,strength,check
1128,20,none,BASE,dexterity,save
1129,7,none,BASE,wisdom,save
1130,6,none,BASE,melee,attack
1131,13,advantage,BASE,intimidation,check
1132,16,none,DEX,melee,attack
1133,19,none,BASE,dexterity,save
1134,5,none,BASE,perception,check
1135,10,none,BASE,melee,attack
1136,14,none,STR,perception,check
1137,16,advantage,STR,melee,attack
1138,12,none,INT,stealth,check
1139,20,advantage,STR,athletics,check
1140,20,none,STR,strength,check
1141,1,none,BASE,thieves’ tools,check
1142,2,none,DEX,initiative,nan
1143,14,none,BASE,stealth,check
1144,1,none,STR,melee,attack
1145,7,none,BASE,strength,check
1146,2,none,STR,melee,attack
1147,2,none,BASE,initiative,nan
1148,20,none,STR,melee,attack
1149,20,none,BASE,melee,attack
1150,20,advantage,STR,initiative,nan
1151,11,none,BASE,melee,attack
1152,14,none,DEX,melee,attack
1153,9,none,DEX,melee,attack
1154,7,disadvantage,BASE,initiative,nan
1155,17,none,STR,dexterity,save
1156,14,none,BASE,ranged,attack
1157,19,none,WIS,constitution,check
1158,12,none,BASE,melee,attack
1159,16,none,STR,initiative,nan
1160,11,advantage,BASE,dexterity,save
1161,8,none,BASE,wisdom,save
1162,19,advantage,INT,strength,check
1163,4,none,CON,melee,attack
1164,12,none,BASE,perception,check
1165,17,none,BASE,athletics,check
1166,8,none,BASE,deception,check
1167,11,none,DEX,melee,attack
1168,11,none,STR,melee,attack
1169,8,none,DEX,stealth,check
1170,16,none,BASE,persuasion,check
1171,20,none,DEX,strength,save
1172,20,none,BASE,melee,attack
1173,8,advantage,BASE,melee,attack
1174,13,none,BASE,perception,check
1175,20,advantage,BASE,constitution,check
1176,19,none,DEX,melee,attack
1177,9,none,DEX,dexterity,save
1178,4,none,STR,strength,check
1179,8,none,STR,dexterity,save
1180,18,none,BASE,strength,check
1181,17,none,BASE,athletics,check
1182,5,none,BASE,dexterity,check
1183,2,none,BASE,melee,attack
1184,6,none,STR,melee,attack
1185,1,none,DEX,perception,check
1186,10,none,WIS,melee,attack
1187,20,none,BASE,initiative,nan
1188,9,none,STR,melee,attack
1189,15,none,BASE,initiative,nan
1190,13,none,WIS,melee,attack
1191,7,advantage,BASE,strength,check
1192,10,none,CHA,melee,attack
1193,7,disadvantage,DEX,dexterity,save
1194,1,none,INT,intimidation,check
1195,2,none,BASE,persuasion,check
1196,12,none,STR,strength,check
1197,9,none,DEX,athletics,check
1198,4,none,INT,strength,save
1199,17,none,STR,athletics,check
1200,8,none,STR,strength,check
1201,12,none,STR,dexterity,save
1202,13,none,DEX,sleight of hand,check
1203,8,none,DEX,sleight of hand,check
1204,13,none,DEX,investigation,check
1205,5,advantage,STR,athletics,check
1206,2,none,BASE,melee,attack
1207,17,none,BASE,investigation,check
1208,14,none,DEX,melee,attack
1209,16,none,INT,strength,check
1210,5,none,BASE,melee,attack
1211,16,none,CHA,initiative,nan
1212,9,none,DEX,initiative,nan
1213,13,none,WIS,melee,attack
1214,19,none,BASE,melee,attack
1215,19,none,BASE,melee,attack
1216,10,none,STR,melee,attack
1217,8,none,WIS,melee,attack
1218,17,none,INT,ranged,attack
1219,11,none,WIS,charisma,check
1220,19,none,BASE,dexterity,save
1221,16,none,BASE,initiative,nan
1222,6,none,DEX,melee,attack
1223,6,none,STR,wisdom,save
1224,10,none,BASE,melee,attack
1225,18,none,STR,melee,attack
1226,3,none,DEX,strength,check
1227,19,none,BASE,wisdom,save
1228,5,none,INT,dexterity,check
1229,14,none,BASE,melee,attack
1230,11,none,BASE,initiative,nan
1231,3,none,STR,thieves’ tools,check
1232,18,advantage,WIS,wisdom,save
1233,3,none,STR,melee,attack
1234,4,disadvantage,DEX,melee,attack
1235,20,none,BASE,melee,attack
1236,12,advantage,BASE,strength,check
1237,14,none,STR,strength,save
1238,17,none,CON,melee,attack
1239,12,advantage,WIS,dexterity,save
1240,20,none,CHA,strength,check
1241,12,none,BASE,strength,save
1242,19,none,BASE,arcana,check
1243,16,none,BASE,perception,check
1244,10,none,BASE,strength,save
1245,14,none,DEX,arcana,check
1246,7,none,DEX,melee,attack
1247,6,advantage,WIS,persuasion,check
1248,4,none,CHA,dexterity,save
1249,11,none,STR,sleight of hand,check
1250,9,none,STR,persuasion,check
1251,15,none,BASE,ranged,attack
1252,4,none,CON,melee,attack
1253,19,none,BASE,melee,attack
1254,7,none,CHA,constitution,check
1255,16,none,WIS,strength,check
1256,3,none,BASE,stealth,check
1257,16,none,BASE,perception,check
1258,17,none,STR,dexterity,save
1259,12,none,BASE,strength,check
1260,6,none,STR,melee,attack
1261,14,none,BASE,strength,check
1262,20,advantage,CHA,melee,attack
1263,16,none,STR,perception,check
1264,2,none,BASE,constitution,check
1265,9,none,STR,strength,check
1266,1,none,BASE,melee,attack
1267,10,none,CHA,melee,attack
1268,4,none,BASE,melee,attack
1269,1,none,BASE,initiative,nan
1270,17,none,DEX,melee,attack
1271,7,none,INT,athletics,check
1272,2,none,BASE,melee,attack
1273,14,none,BASE,wisdom,save
1274,20,advantage,BASE,melee,attack
1275,6,none,STR,melee,attack
1276,13,none,BASE,initiative,nan
1277,8,none,WIS,strength,check
1278,19,none,BASE,perception,check
1279,2,none,WIS,melee,attack
1280,9,none,BASE,melee,attack
1281,7,none,BASE,melee,attack
1282,3,none,DEX,strength,check
1283,5,none,INT,ranged,attack
1284,19,none,BASE,dexterity,save
1285,17,none,DEX,strength,check
1286,6,none,STR,melee,attack
1287,14,none,STR,ranged,attack
1288,15,advantage,WIS,melee,attack
1289,8,none,WIS,melee,attack
1290,8,advantage,INT,melee,attack
1291,17,advantage,DEX,stealth,check
1292,2,none,WIS,strength,check
1293,18,none,DEX,wisdom,save
1294,18,none,STR,ranged,attack
1295,2,none,BASE,investigation,check
1296,1,none,WIS,dexterity,save
1297,6,none,BASE,initiative,nan
1298,6,none,CHA,investigation,check
1299,18,none,BASE,persuasion,check
1300,7,none,CHA,melee,attack
1301,14,advantage,INT,strength,save
1302,5,none,BASE,strength,check
1303,15,none,BASE,melee,attack
1304,5,none,BASE,insight,check
1305,9,none,CHA,dexterity,save
1306,17,none,CHA,melee,attack
1307,8,none,BASE,investigation,check
1308,18,none,WIS,strength,check
1309,14,none,BASE,strength,check
1310,11,none,DEX,strength,check
1311,2,none,WIS,strength,check
1312,20,none,BASE,ranged,attack
1313,20,none,BASE,melee,attack
1314,12,none,BASE,melee,attack
1315,6,none,BASE,melee,attack
1316,4,none,WIS,dexterity,save
1317,8,none,BASE,melee,attack
1318,11,none,BASE,charisma,check
1319,3,none,BASE,melee,attack
1320,17,none,BASE,melee,attack
1321,4,none,BASE,dexterity,check
1322,19,none,BASE,constitution,check
1323,6,none,DEX,perception,check
1324,12,none,WIS,intimidation,check
1325,6,disadvantage,BASE,wisdom,save
1326,19,none,CHA,stealth,check
1327,6,none,BASE,ranged,attack
1328,7,none,STR,dexterity,save
1329,9,none,BASE,initiative,nan
1330,17,advantage,DEX,initiative,nan
1331,13,advantage,DEX,dexterity,check
1332,15,none,DEX,dexterity,save
1333,2,none,DEX,stealth,check
1334,18,none,BASE,dexterity,save
1335,19,advantage,INT,constitution,check
1336,13,none,STR,charisma,check
1337,17,advantage,STR,initiative,nan
1338,20,none,BASE,melee,attack
1339,14,none,BASE,melee,attack
1340,13,advantage,BASE,strength,save
1341,8,none,WIS,sleight of hand,check
1342,16,none,WIS,dexterity,save
1343,2,none,BASE,stealth,check
1344,11,none,WIS,constitution,check
1345,13,none,STR,melee,attack
1346,18,advantage,DEX,initiative,nan
1347,1,none,STR,dexterity,save
1348,18,none,DEX,dexterity,save
1349,5,none,BASE,charisma,check
1350,15,advantage,STR,investigation,check
1351,20,none,WIS,melee,attack
1352,8,none,DEX,initiative,nan
1353,4,none,CON,melee,attack
1354,9,none,STR,melee,attack
1355,15,none,STR,dexterity,save
1356,15,none,BASE,thieves’ tools,check
1357,12,none,BASE,strength,check
1358,20,none,DEX,strength,check
1359,14,none,WIS,initiative,nan
1360,17,none,BASE,arcana,check
1361,14,none,INT,intimidation,check
1362,17,none,BASE,initiative,nan
1363,17,none,DEX,arcana,check
1364,10,none,CON,melee,attack
1365,18,none,BASE,melee,attack
1366,12,none,BASE,initiative,nan
1367,4,none,INT,stealth,check
1368,2,none,DEX,melee,attack
1369,3,none,BASE,melee,attack
1370,8,none,DEX,dexterity,save
1371,3,none,DEX,melee,attack
1372,15,advantage,CHA,sleight of hand,check
1373,20,none,CHA,dexterity,save
1374,12,none,STR,constitution,check
1375,5,none,BASE,insight,check
1376,9,advantage,BASE,dexterity,save
1377,9,none,DEX,constitution,check
1378,2,none,WIS,initiative,nan
1379,18,none,WIS,wisdom,save
1380,13,none,DEX,constitution,check
1381,3,none,WIS,perception,check
1382,13,none,BASE,thieves’ tools,check
1383,18,none,STR,dexterity,save
1384,1,none,BASE,melee,attack
1385,5,none,DEX,melee,attack
1386,2,none,BASE,arcana,check
1387,4,none,BASE,dexterity,save
1388,14,none,DEX,melee,attack
1389,5,none,DEX,melee,attack
1390,18,none,BASE,melee,attack
1391,15,none,BASE,athletics,check
1392,3,none,STR,charisma,check
1393,14,advantage,BASE,medicine,check
1394,17,none,STR,initiative,nan
1395,19,none,CHA,strength,check
1396,19,none,WIS,melee,attack
1397,14,advantage,WIS,dexterity,save
1398,11,none,BASE,strength,check
1399,15,none,BASE,investigation,check
1400,17,none,CON,melee,attack
1401,3,advantage,BASE,investigation,check
1402,20,none,DEX,initiative,nan
1403,14,none,BASE,strength,check
1404,17,none,DEX,thieves’ tools,check
1405,12,none,DEX,initiative,nan
1406,9,advantage,DEX,dexterity,check
1407,9,none,BASE,perception,check
1408,14,none,DEX,perception,check
1409,2,none,DEX,initiative,nan
1410,14,advantage,STR,persuasion,check
1411,19,none,WIS,sleight of hand,check
1412,18,none,BASE,melee,attack
1413,9,none,BASE,sleight of hand,check
1414,17,none,DEX,dexterity,save
1415,19,none,BASE,strength,check
1416,1,none,BASE,ranged,attack
1417,12,none,DEX,melee,attack
1418,16,none,BASE,thieves’ tools,check
1419,10,none,BASE,insight,check
1420,19,none,DEX,ranged,attack
1421,8,none,STR,charisma,check
1422,8,advantage,BASE,constitution,check
1423,19,none,CON,constitution,save
1424,18,none,BASE,melee,attack
1425,11,none,DEX,ranged,attack
1426,17,none,WIS,melee,attack
1427,10,none,STR,ranged,attack
1428,3,none,BASE,perception,check
1429,17,none,BASE,melee,attack
1430,3,none,BASE,melee,attack
1431,15,none,DEX,dexterity,save
1432,19,advantage,BASE,dexterity,save
1433,20,none,STR,nature,check
1434,18,none,STR,ranged,attack
1435,19,none,CHA,melee,attack
1436,4,none,STR,dexterity,save
1437,8,advantage,BASE,melee,attack
1438,14,none,INT,strength,check
1439,15,none,CON,strength,check
1440,2,none,WIS,perception,check
1441,15,none,DEX,dexterity,save
1442,18,none,BASE,perception,check
1443,9,disadvantage,BASE,initiative,nan
1444,12,none,BASE,strength,check
1445,11,none,BASE,dexterity,check
1446,12,none,DEX,ranged,attack
1447,9,advantage,WIS,strength,check
1448,5,none,STR,stealth,check
1449,10,disadvantage,CHA,dexterity,save
1450,5,none,DEX,constitution,check
1451,18,none,WIS,dexterity,save
1452,11,none,BASE,melee,attack
1453,5,none,BASE,investigation,check
1454,2,none,DEX,perception,check
1455,1,none,STR,sleight of hand,check
1456,11,none,BASE,intimidation,check
1457,11,none,BASE,strength,save
1458,14,none,INT,initiative,nan
1459,13,none,INT,melee,attack
1460,1,none,BASE,melee,attack
1461,10,none,BASE,melee,attack
1462,10,none,BASE,dexterity,save
1463,13,none,BASE,strength,save
1464,20,none,BASE,melee,attack
1465,14,none,BASE,melee,attack
1466,3,none,BASE,melee,attack
1467,11,advantage,STR,melee,attack
1468,6,none,BASE,strength,save
1469,8,none,BASE,melee,attack
1470,4,none,BASE,melee,attack
1471,11,none,STR,dexterity,save
1472,12,none,BASE,melee,attack
1473,5,none,WIS,melee,attack
1474,20,none,INT,melee,attack
1475,15,none,DEX,melee,attack
1476,12,none,STR,melee,attack
1477,19,none,CHA,melee,attack
1478,15,advantage,CHA,charisma,check
1479,11,none,BASE,persuasion,check
1480,2,none,BASE,strength,check
1481,5,none,CHA,melee,attack
1482,11,none,CHA,melee,attack
1483,13,none,CHA,initiative,nan
1484,12,none,INT,melee,attack
1485,13,none,WIS,stealth,check
1486,14,none,BASE,perception,check
1487,7,none,DEX,strength,check
1488,11,none,BASE,melee,attack
1489,3,none,BASE,dexterity,save
1490,11,advantage,BASE,athletics,check
1491,8,none,CHA,medicine,check
1492,2,none,STR,dexterity,save
1493,1,none,DEX,strength,check
1494,8,none,STR,initiative,nan
1495,8,advantage,BASE,sleight of hand,check
1496,8,none,STR,constitution,save
1497,6,none,BASE,melee,attack
1498,13,none,BASE,melee,attack
1499,8,none,CON,insight,check
1500,13,none,DEX,strength,check
1501,18,none,BASE,medicine,check
1502,18,advantage,BASE,constitution,check
1503,6,none,BASE,stealth,check
1504,10,none,BASE,melee,attack
1505,14,none,BASE,melee,attack
1506,1,none,BASE,melee,attack
1507,17,advantage,BASE,perception,check
1508,13,none,DEX,sleight of hand,check
1509,4,none,BASE,melee,attack
1510,17,none,STR,investigation,check
1511,12,none,DEX,strength,check
1512,8,none,BASE,deception,check
1513,9,disadvantage,STR,dexterity,save
1514,12,none,BASE,initiative,nan
1515,16,none,BASE,athletics,check
1516,3,none,DEX,insight,check
1517,11,none,DEX,constitution,check
1518,2,none,DEX,wisdom,save
1519,4,none,DEX,dexterity,save
1520,15,advantage,DEX,charisma,check
1521,14,none,BASE,melee,attack
1522,12,none,BASE,dexterity,save
1523,11,advantage,BASE,strength,check
1524,2,none,BASE,initiative,nan
1525,15,none,CHA,melee,attack
1526,2,none,STR,melee,attack
1527,9,none,DEX,ranged,attack
1528,7,none,BASE,ranged,attack
1529,13,none,BASE,melee,attack
1530,1,none,BASE,melee,attack
1531,8,advantage,STR,thieves’ tools,check
1532,16,none,INT,investigation,check
1533,9,none,BASE,initiative,nan
1534,20,advantage,STR,melee,attack
1535,18,none,WIS,melee,attack
1536,18,advantage,CHA,melee,attack
1537,12,none,CHA,dexterity,save
1538,15,none,WIS,strength,check
1539,19,none,BASE,dexterity,save
1540,5,none,BASE,melee,attack
1541,20,none,BASE,melee,attack
1542,20,none,BASE,ranged,attack
1543,14,none,BASE,initiative,nan
1544,16,none,BASE,initiative,nan
1545,16,none,BASE,dexterity,save
1546,11,none,DEX,persuasion,check
1547,6,none,DEX,persuasion,check
1548,20,none,BASE,melee,attack
1549,19,none,BASE,strength,check
1550,17,none,CHA,sleight of hand,check
1551,18,none,BASE,melee,attack
1552,19,none,WIS,dexterity,save
1553,18,none,CHA,melee,attack
1554,20,advantage,STR,melee,attack
1555,14,advantage,BASE,athletics,check
1556,9,none,DEX,melee,attack
1557,6,none,DEX,wisdom,save
1558,3,none,WIS,melee,attack
1559,16,none,BASE,melee,attack
1560,1,none,STR,melee,attack
1561,20,none,STR,melee,attack
1562,9,none,STR,initiative,nan
1563,18,none,INT,melee,attack
1564,16,advantage,INT,melee,attack
1565,19,none,STR,sleight of hand,check
1566,3,none,DEX,charisma,check
1567,8,none,BASE,insight,check
1568,5,none,BASE,insight,check
1569,6,none,WIS,strength,check
1570,17,none,DEX,initiative,nan
1571,1,none,DEX,insight,check
1572,10,none,BASE,melee,attack
1573,14,none,BASE,initiative,nan
1574,12,none,CHA,melee,attack
1575,2,none,CHA,melee,attack
1576,11,none,BASE,athletics,check
1577,16,none,BASE,strength,save
1578,13,none,DEX,investigation,check
1579,6,none,WIS,initiative,nan
1580,9,none,BASE,stealth,check
1581,20,none,BASE,sleight of hand,check
1582,4,none,BASE,melee,attack
1583,18,none,STR,melee,attack
1584,10,none,BASE,dexterity,save
1585,9,none,STR,dexterity,save
1586,5,none,BASE,melee,attack
1587,20,none,STR,melee,attack
1588,13,none,BASE,melee,attack
1589,1,none,BASE,constitution,check
1590,9,none,DEX,initiative,nan
1591,17,none,BASE,athletics,check
1592,4,none,DEX,melee,attack
1593,16,none,BASE,melee,attack
1594,1,none,WIS,wisdom,save
1595,20,none,STR,athletics,check
1596,15,advantage,BASE,athletics,check
1597,4,none,BASE,persuasion,check
1598,10,none,BASE,initiative,nan
1599,7,none,WIS,melee,attack
1600,4,none,WIS,strength,save
1601,1,none,DEX,perception,check
1602,19,none,DEX,perception,check
1603,11,none,CHA,strength,save
1604,18,none,DEX,dexterity,check
1605,14,none,CHA,strength,check
1606,11,disadvantage,CHA,melee,attack
1607,9,advantage,CHA,strength,check
1608,1,none,WIS,melee,attack
1609,10,none,DEX,strength,check
1610,16,none,BASE,initiative,nan
1611,7,none,STR,wisdom,save
1612,16,advantage,BASE,investigation,check
1613,17,none,DEX,deception,check
1614,5,none,DEX,melee,attack
1615,1,none,DEX,dexterity,save
1616,3,disadvantage,STR,initiative,nan
1617,17,none,DEX,melee,attack
1618,5,none,DEX,strength,check
1619,8,none,BASE,dexterity,save
1620,8,none,BASE,constitution,check
1621,2,none,DEX,thieves’ tools,check
1622,9,none,STR,investigation,check
1623,16,none,CON,ranged,attack
1624,11,none,WIS,melee,attack
1625,2,none,BASE,strength,check
1626,7,disadvantage,WIS,melee,attack
1627,14,none,BASE,intimidation,check
1628,13,none,BASE,melee,attack
1629,12,none,DEX,melee,attack
1630,14,none,INT,dexterity,save
1631,18,none,STR,melee,attack
1632,20,advantage,CHA,dexterity,save
1633,17,none,DEX,dexterity,check
1634,12,none,BASE,perception,check
1635,2,none,DEX,stealth,check
1636,14,none,WIS,dexterity,save
1637,15,advantage,STR,strength,check
1638,2,none,BASE,strength,save
1639,8,none,STR,constitution,check
1640,15,none,BASE,strength,save
1641,12,none,BASE,perception,check
1642,10,none,BASE,wisdom,save
1643,8,none,BASE,strength,check
1644,7,none,DEX,charisma,check
1645,2,none,INT,charisma,check
1646,9,none,BASE,perception,check
1647,18,none,STR,melee,attack
1648,3,none,INT,initiative,nan
1649,17,advantage,STR,melee,attack
1650,15,none,BASE,melee,attack
1651,3,none,BASE,constitution,check
1652,6,none,STR,ranged,attack
1653,14,none,CHA,dexterity,save
1654,18,none,WIS,melee,attack
1655,10,none,BASE,melee,attack
1656,16,none,DEX,strength,check
1657,19,none,DEX,persuasion,check
1658,2,none,BASE,strength,save
1659,18,none,BASE,melee,attack
1660,6,none,BASE,persuasion,check
1661,2,none,STR,initiative,nan
1662,4,none,DEX,initiative,nan
1663,14,none,STR,melee,attack
1664,19,none,BASE,melee,attack
1665,14,none,BASE,sleight of hand,check
1666,3,disadvantage,BASE,melee,attack
1667,17,advantage,BASE,wisdom,save
1668,4,none,CHA,perception,check
1669,16,none,BASE,nature,check
1670,12,none,CHA,nature,check
1671,2,none,BASE,dexterity,save
1672,7,none,CHA,ranged,attack
1673,11,advantage,DEX,stealth,check
1674,14,none,WIS,perception,check
1675,6,none,STR,intimidation,check
1676,20,none,STR,melee,attack
1677,18,none,CON,thieves’ tools,check
1678,16,none,BASE,intimidation,check
1679,19,none,STR,dexterity,save
1680,20,none,BASE,strength,check
1681,18,none,STR,strength,check
1682,18,advantage,DEX,melee,attack
1683,15,none,DEX,perception,check
1684,12,none,STR,melee,attack
1685,10,none,BASE,dexterity,save
1686,18,none,BASE,persuasion,check
1687,1,none,CON,melee,attack
1688,9,none,DEX,initiative,nan
1689,3,none,BASE,melee,attack
1690,3,none,BASE,initiative,nan
1691,14,none,DEX,melee,attack
1692,14,none,INT,athletics,check
1693,14,none,CHA,perception,check
1694,17,none,BASE,dexterity,check
1695,3,disadvantage,BASE,dexterity,save
1696,19,none,BASE,initiative,nan
1697,3,none,BASE,charisma,check
1698,9,none,WIS,strength,check
1699,1,none,CHA,intimidation,check
1700,18,none,BASE,strength,save
1701,17,none,STR,athletics,check
1702,9,none,STR,melee,attack
1703,1,none,BASE,sleight of hand,check
1704,12,none,DEX,wisdom,save
1705,7,none,STR,deception,check
1706,16,none,BASE,perception,check
1707,4,none,WIS,melee,attack
1708,11,none,CON,melee,attack
1709,6,none,STR,ranged,attack
1710,19,none,CON,melee,attack
1711,18,none,BASE,deception,check
1712,11,none,BASE,athletics,check
1713,14,none,WIS,athletics,check
1714,10,none,CHA,thieves’ tools,check
1715,17,none,WIS,initiative,nan
1716,20,none,BASE,dexterity,save
1717,15,none,WIS,dexterity,check
1718,4,none,INT,melee,attack
1719,6,none,BASE,dexterity,save
1720,14,none,DEX,dexterity,check
1721,3,advantage,DEX,melee,attack
1722,3,none,CON,perception,check
1723,5,none,BASE,strength,check
1724,6,none,STR,melee,attack
1725,1,none,BASE,dexterity,save
1726,5,disadvantage,STR,thieves’ tools,check
1727,19,none,BASE,arcana,check
1728,14,none,STR,dexterity,save
1729,2,none,STR,medicine,check
1730,17,none,BASE,melee,attack
1731,4,none,BASE,dexterity,save
1732,16,none,WIS,persuasion,check
1733,9,none,BASE,dexterity,save
1734,16,none,DEX,athletics,check
1735,7,none,STR,perception,check
1736,15,none,DEX,melee,attack
1737,10,none,CON,perception,check
1738,20,none,BASE,strength,check
1739,9,none,DEX,strength,check
1740,4,none,STR,dexterity,save
1741,19,none,WIS,melee,attack
1742,4,none,BASE,melee,attack
1743,15,none,BASE,melee,attack
1744,16,none,DEX,dexterity,save
1745,14,none,BASE,thieves’ tools,check
1746,16,none,BASE,thieves’ tools,check
1747,7,none,BASE,melee,attack
1748,5,none,STR,deception,check
1749,19,advantage,CON,constitution,save
1750,1,none,CHA,dexterity,save
1751,3,none,BASE,strength,check
1752,8,none,DEX,dexterity,save
1753,11,advantage,BASE,initiative,nan
1754,2,none,DEX,dexterity,save
1755,14,none,BASE,initiative,nan
1756,14,none,WIS,strength,save
1757,4,none,BASE,intimidation,check
1758,1,none,STR,initiative,nan
1759,18,none,INT,initiative,nan
1760,11,none,DEX,strength,check
1761,5,none,CON,stealth,check
1762,14,none,DEX,melee,attack
1763,2,none,BASE,athletics,check
1764,3,advantage,BASE,sleight of hand,check
1765,20,none,WIS,athletics,check
1766,4,none,STR,melee,attack
1767,18,none,CHA,ranged,attack
1768,2,none,STR,charisma,check
1769,6,none,INT,melee,attack
1770,11,advantage,DEX,initiative,nan
1771,17,none,BASE,perception,check
1772,15,advantage,BASE,melee,attack
1773,20,none,BASE,sleight of hand,check
1774,9,none,INT,strength,save
1775,18,none,CHA,thieves’ tools,check
1776,6,none,STR,intimidation,check
1777,16,none,STR,wisdom,save
1778,6,none,INT,ranged,attack
1779,12,none,STR,melee,attack
1780,12,none,BASE,dexterity,check
1781,18,none,CHA,melee,attack
1782,8,none,STR,strength,save
1783,11,none,BASE,melee,attack
1784,19,none,BASE,initiative,nan
1785,9,none,DEX,strength,check
1786,13,advantage,DEX,sleight of hand,check
1787,17,advantage,STR,dexterity,check
1788,3,none,BASE,strength,check
1789,14,advantage,STR,melee,attack
1790,19,none,BASE,melee,attack
1791,7,none,WIS,strength,check
1792,5,none,DEX,investigation,check
1793,20,none,DEX,stealth,check
1794,20,none,STR,melee,attack
1795,8,none,BASE,wisdom,save
1796,4,none,BASE,melee,attack
1797,2,none,BASE,athletics,check
1798,16,advantage,STR,dexterity,save
1799,16,none,BASE,sleight of hand,check
1800,10,none,DEX,initiative,nan
1801,1,none,STR,persuasion,check
1802,8,none,STR,melee,attack
1803,13,none,WIS,melee,attack
1804,5,none,BASE,melee,attack
1805,12,none,BASE,strength,check
1806,15,none,DEX,dexterity,save
1807,20,advantage,BASE,persuasion,check
1808,11,none,BASE,strength,check
1809,20,none,BASE,melee,attack
1810,2,advantage,STR,stealth,check
1811,8,advantage,BASE,intimidation,check
1812,15,none,BASE,initiative,nan
1813,2,none,WIS,dexterity,save
1814,4,none,BASE,melee,attack
1815,5,none,DEX,melee,attack
1816,10,none,BASE,melee,attack
1817,8,none,BASE,melee,attack
1818,6,none,BASE,initiative,nan
1819,4,none,BASE,melee,attack
1820,5,none,INT,stealth,check
1821,19,none,BASE,initiative,nan
1822,8,none,BASE,melee,attack
1823,14,none,CHA,investigation,check
1824,20,none,CHA,melee,attack
1825,8,disadvantage,BASE,dexterity,save
1826,13,none,BASE,constitution,check
1827,8,none,DEX,athletics,check
1828,15,none,BASE,investigation,check
1829,16,none,BASE,dexterity,save
1830,10,none,BASE,wisdom,save
1831,13,none,BASE,dexterity,check
1832,8,none,CHA,investigation,check
1833,9,none,CON,persuasion,check
1834,9,none,BASE,melee,attack
1835,6,none,WIS,wisdom,save
1836,20,none,INT,melee,attack
1837,12,none,WIS,melee,attack
1838,13,none,DEX,perception,check
1839,20,none,BASE,melee,attack
1840,14,none,DEX,melee,attack
1841,14,none,BASE,strength,check
1842,15,advantage,DEX,melee,attack
1843,8,none,BASE,melee,attack
1844,7,none,CON,strength,check
1845,10,none,DEX,persuasion,check
1846,2,none,BASE,melee,attack
1847,2,none,BASE,dexterity,save
1848,12,none,CHA,dexterity,save
1849,15,none,DEX,athletics,check
1850,11,none,WIS,initiative,nan
1851,10,none,DEX,persuasion,check
1852,1,none,STR,wisdom,save
1853,17,advantage,BASE,strength,check
1854,6,none,STR,melee,attack
1855,12,none,CHA,ranged,attack
1856,11,none,WIS,initiative,nan
1857,19,none,INT,initiative,nan
1858,15,none,BASE,melee,attack
1859,7,none,CON,strength,check
1860,1,none,BASE,melee,attack
1861,1,disadvantage,BASE,investigation,check
1862,13,none,BASE,athletics,check
1863,7,none,STR,melee,attack
1864,19,none,CON,insight,check
1865,1,none,WIS,ranged,attack
1866,8,none,BASE,sleight of hand,check
1867,6,none,BASE,ranged,attack
1868,9,none,BASE,dexterity,save
1869,9,none,DEX,strength,check
1870,13,none,DEX,dexterity,save
1871,10,advantage,BASE,charisma,check
1872,5,none,DEX,constitution,save
1873,18,none,CHA,melee,attack
1874,8,none,STR,athletics,check
1875,20,none,CHA,melee,attack
1876,13,none,CHA,strength,check
1877,13,none,DEX,sleight of hand,check
1878,10,none,BASE,athletics,check
1879,7,none,CHA,melee,attack
1880,13,none,BASE,melee,attack
1881,20,advantage,STR,melee,attack
1882,9,none,BASE,ranged,attack
1883,5,none,BASE,wisdom,save
1884,19,none,DEX,dexterity,save
1885,5,none,STR,initiative,nan
1886,12,none,DEX,athletics,check
1887,14,none,STR,melee,attack
1888,17,advantage,CHA,dexterity,save
1889,19,none,STR,melee,attack
1890,16,none,INT,thieves’ tools,check
1891,17,none,BASE,investigation,check
1892,2,none,DEX,investigation,check
1893,8,advantage,CHA,dexterity,save
1894,5,none,BASE,melee,attack
1895,4,none,BASE,initiative,nan
1896,9,none,CHA,persuasion,check
1897,3,none,DEX,strength,check
1898,18,none,BASE,initiative,nan
1899,13,none,WIS,melee,attack
1900,5,disadvantage,BASE,melee,attack
1901,8,none,STR,melee,attack
1902,12,none,BASE,melee,attack
1903,16,none,WIS,strength,check
1904,16,advantage,STR,athletics,check
1905,8,none,BASE,melee,attack
1906,14,none,WIS,strength,check
1907,13,none,DEX,perception,check
1908,5,none,BASE,melee,attack
1909,5,none,BASE,melee,attack
1910,9,none,BASE,investigation,check
1911,7,none,STR,ranged,attack
1912,10,advantage,BASE,insight,check
1913,7,none,DEX,athletics,check
1914,10,none,STR,persuasion,check
1915,1,none,BASE,wisdom,save
1916,6,none,DEX,melee,attack
1917,4,none,WIS,initiative,nan
1918,20,none,BASE,athletics,check
1919,10,none,BASE,strength,check
1920,1,none,BASE,melee,attack
1921,11,none,WIS,strength,check
1922,14,none,STR,melee,attack
1923,7,none,DEX,dexterity,save
1924,2,none,BASE,insight,check
1925,13,none,BASE,melee,attack
1926,1,none,INT,initiative,nan
1927,15,none,BASE,perception,check
1928,7,none,BASE,persuasion,check
1929,14,none,BASE,athletics,check
1930,17,none,DEX,dexterity,check
1931,20,none,STR,constitution,save
1932,4,none,DEX,ranged,attack
1933,17,none,BASE,charisma,check
1934,6,none,DEX,athletics,check
1935,10,none,CHA,dexterity,save
1936,3,disadvantage,CHA,perception,check
1937,3,none,BASE,melee,attack
1938,6,none,DEX,wisdom,save
1939,20,advantage,STR,melee,attack
1940,8,none,BASE,melee,attack
1941,5,none,BASE,melee,attack
1942,2,none,BASE,strength,check
1943,1,none,STR,dexterity,save
1944,2,none,CON,melee,attack
1945,11,none,BASE,charisma,check
1946,1,none,CON,strength,check
1947,4,none,INT,strength,check
1948,13,none,STR,sleight of hand,check
1949,16,none,DEX,strength,check
1950,14,none,STR,perception,check
1951,19,none,BASE,dexterity,save
1952,15,none,BASE,melee,attack
1953,14,none,BASE,dexterity,save
1954,8,none,WIS,melee,attack
1955,15,none,BASE,initiative,nan
1956,11,none,BASE,constitution,check
1957,19,none,BASE,constitution,check
1958,14,none,CHA,melee,attack
1959,20,none,BASE,strength,check
1960,1,none,BASE,dexterity,save
1961,18,advantage,CHA,thieves’ tools,check
1962,20,none,BASE,melee,attack
1963,12,none,BASE,melee,attack
1964,14,none,BASE,melee,attack
1965,16,none,BASE,persuasion,check
1966,19,none,DEX,athletics,check
1967,6,none,STR,melee,attack
1968,11,none,CHA,stealth,check
1969,13,none,BASE,charisma,check
1970,4,none,DEX,sleight of hand,check
1971,20,none,WIS,investigation,check
1972,10,advantage,BASE,dexterity,save
1973,8,none,INT,athletics,check
1974,16,none,BASE,ranged,attack
1975,19,none,BASE,strength,check
1976,15,none,BASE,melee,attack
1977,9,none,CHA,initiative,nan
1978,11,none,STR,initiative,nan
1979,19,none,STR,melee,attack
1980,14,none,BASE,wisdom,save
1981,10,none,DEX,strength,check
1982,20,none,CHA,perception,check
1983,6,none,INT,strength,check
1984,20,advantage,CHA,stealth,check
1985,13,none,WIS,athletics,check
1986,5,none,WIS,strength,check
1987,3,disadvantage,STR,dexterity,save
1988,9,none,WIS,initiative,nan
1989,3,none,BASE,athletics,check
1990,2,none,DEX,initiative,nan
1991,9,none,BASE,wisdom,save
1992,13,none,BASE,initiative,nan
1993,8,none,CON,athletics,check
1994,19,none,BASE,strength,check
1995,10,none,WIS,wisdom,save
1996,9,none,BASE,strength,save
1997,11,none,WIS,melee,attack
1998,3,none,WIS,dexterity,save
1999,20,none,STR,dexterity,save
